year;rank;bird_species;count;reporting_rate
2019;1;Red-collared Lorikeet;4320;0.085416667
2019;2;Bar-shouldered Dove;1416;0.197740113
2019;5;Black Kite;1182;0.285109983
2019;6;Masked Lapwing;983;0.227873856
2019;11;Varied Lorikeet;533;0.09380863
2019;12;Sulphur-crested Cockatoo;516;0.337209302
2019;14;Little Friarbird;446;0.378923767
2019;19;Red-winged Parrot;320;0.28125
2019;20;Orange-footed Scrubfowl;301;0.528239203
2019;24;Galah;212;0.169811321
2019;27;Red Knot;141;0.007092199
2019;31;Helmeted Friarbird;126;0.380952381
2019;34;Dusky Honeyeater;95;0.494736842
2019;35;Olive-backed Oriole;84;0.428571429
2019;41;Red-headed Honeyeater;70;0.414285714
2019;42;Rainbow Bee-eater;65;0.430769231
2019;48;Red-capped Plover;45;0.022222222
2019;50;Crimson Finch;42;0.404761905
2019;56;Rufous-throated Honeyeater;33;0.333333333
2019;58;Black-faced Cuckoo-shrike;29;0.655172414
2019;65;Common Bronzewing;22;0.363636364
2019;68;Forest Kingfisher;21;0.714285714
2019;69;Grey-crowned Babbler;20;0.3
2019;70;Grey Fantail;20;0.2
2019;77;Masked Finch;14;0.357142857
2019;78;Willie Wagtail;13;0.230769231
2019;80;Yellow-tinted Honeyeater;13;0.384615385
2019;87;Great Bowerbird;10;0.7
2019;89;Australian Magpie;10;0.5
2019;92;Black Falcon;9;0.555555556
2019;93;Partridge Pigeon;9;0.222222222
2019;96;Flock Bronzewing;8;0.375
2019;98;Brown Songlark;8;0.5
2019;99;Pheasant Coucal;8;1.0
2019;105;Striated Pardalote;7;0.428571429
2019;109;Square-tailed Kite;6;0.833333333
2019;115;White-bellied Sea-Eagle;5;1.0
2019;117;Marsh Sandpiper;5;0.4
2019;127;Hooded Robin;4;0.25
2019;129;Red-kneed Dotterel;4;0.5
2019;132;Caspian Tern;4;0.5
2019;135;Intermediate Egret;3;0.666666667
2019;137;White-faced Heron;3;1.0
2019;138;Eastern Reef Egret;3;0.666666667
2019;142;Grey Goshawk;3;0.666666667
2019;144;Black-breasted Buzzard;3;0.333333333
2019;146;Rufous Whistler;2;1.0
2019;148;Nankeen Kestrel;2;1.0
2019;149;Whiskered Tern;2;0.5
2019;151;Beach Stone-curlew;2;1.0
2019;156;Australian Pratincole;2;0.5
2019;158;Black Bittern;2;0.5
2019;159;Scarlet Honeyeater;2;0.5
2019;160;Little Egret;2;1.0
2019;161;Chestnut Rail;2;1.0
2019;162;Domestic Duck;2;1.0
2019;164;Australian Reed-Warbler;2;0.5
2019;165;Common Greenshank;2;1.0
2019;171;Horsfield's Bushlark;1;1.0
2019;172;Great Egret;1;1.0
2019;175;Australian Pelican;1;1.0
2019;178;Barn Owl;1;1.0
2019;182;Mangrove Gerygone;1;1.0
2019;184;Australian Little Bittern;1;1.0
2019;185;Little Pied Cormorant;1;1.0
2019;186;Broad-billed Flycatcher;1;1.0
2020;3;Torresian Imperial-Pigeon;1569;0.3212
2020;7;Brown Honeyeater;1031;0.3346
2020;9;Masked Lapwing;778;0.2866
2020;20;Galah;382;0.1492
2020;26;Straw-necked Ibis;263;0.2852
2020;27;Rufous-banded Honeyeater;230;0.4391
2020;31;White-bellied Cuckoo-shrike;174;0.523
2020;39;Greater Sand Plover;94;0.0106
2020;43;Brahminy Kite;63;0.7143
2020;45;Rock Dove;56;0.2321
2020;47;Red-tailed Black-Cockatoo;50;0.32
2020;49;White-throated Honeyeater;46;0.587
2020;51;Rufous-throated Honeyeater;41;0.3415
2020;53;Forest Kingfisher;36;0.7222
2020;56;Brown Goshawk;33;0.8485
2020;60;Eastern Koel;29;0.8966
2020;61;Torresian Crow;27;0.5185
2020;64;Green-backed Gerygone;24;0.75
2020;65;Black Butcherbird;23;0.7826
2020;69;Rufous Whistler;18;0.3333
2020;70;White-bellied Sea-Eagle;17;0.7059
2020;78;Striated Heron;14;0.4286
2020;79;Restless Flycatcher;13;0.6154
2020;86;Grey-crowned Babbler;10;0.7
2020;88;Glossy Ibis;10;0.3
2020;91;Striated Pardalote;8;0.75
2020;93;Osprey;8;1.0
2020;94;Yellow-throated Miner;8;0.375
2020;95;Leaden Flycatcher;8;1.0
2020;98;Grey Whistler;7;0.7143
2020;104;Australasian Darter;7;0.7143
2020;107;Collared Sparrowhawk;6;0.8333
2020;109;Little Shrike-thrush;6;0.8333
2020;110;Little Tern;6;0.6667
2020;112;Little Egret;5;0.6
2020;115;Azure Kingfisher;5;0.6
2020;118;Mangrove Gerygone;4;0.5
2020;120;Mangrove Golden Whistler;4;0.75
2020;122;Caspian Tern;4;0.75
2020;127;Brown-capped Emerald-Dove;3;0.6667
2020;131;Wedge-tailed Eagle;3;1.0
2020;132;Tawny Frogmouth;3;0.3333
2020;134;Rainbow Pitta;3;1.0
2020;135;Curlew Sandpiper;3;0.6667
2020;137;Australian Hobby;3;1.0
2020;140;Horsfield's Bronze-Cuckoo;2;1.0
2020;141;Whimbrel;2;0.5
2020;142;Sacred Kingfisher;2;1.0
2020;144;Black-shouldered Kite;2;0.5
2020;145;Little Kingfisher;2;1.0
2020;148;Comb-crested Jacana;2;0.5
2020;150;Nankeen Night-Heron;2;1.0
2020;155;White-faced Heron;1;1.0
2020;161;Large-billed Gerygone;1;1.0
2020;166;Barn Owl;1;1.0
2020;167;Masked Finch;1;1.0
2020;169;Helmeted Guineafowl;1;1.0
2021;2;Magpie Goose;3622;0.0538
2021;4;Bar-shouldered Dove;1609;0.2331
2021;9;Sulphur-crested Cockatoo;881;0.2429
2021;12;Brown Honeyeater;751;0.3515
2021;13;Peaceful Dove;546;0.3223
2021;27;Galah;208;0.2019
2021;28;Varied Lorikeet;180;0.1778
2021;30;Rainbow Bee-eater;166;0.3735
2021;31;Radjah Shelduck;158;0.1076
2021;34;Green Oriole;128;0.5547
2021;39;Red-necked Stint;104;0.0288
2021;41;Oriental Dollarbird;85;0.4941
2021;42;Dusky Honeyeater;79;0.5443
2021;45;Brahminy Kite;61;0.6885
2021;46;Greater Sand Plover;60;0.05
2021;47;Bush Stone-curlew;57;0.4912
2021;54;Forest Kingfisher;46;0.5435
2021;55;Eastern Koel;39;0.9487
2021;58;Grey-crowned Babbler;31;0.3548
2021;62;Grey Plover;28;0.25
2021;67;Black-faced Cuckoo-shrike;25;0.64
2021;72;Masked Finch;22;0.2273
2021;76;Black Butcherbird;18;0.8333
2021;77;Grey Shrike-thrush;18;0.3889
2021;78;Large-tailed Nightjar;17;0.3529
2021;80;Pheasant Coucal;17;0.8235
2021;81;Lesser Sand Plover;15;0.0667
2021;82;Little Egret;13;0.1538
2021;84;Red-capped Plover;12;0.0833
2021;87;Yellow-tinted Honeyeater;11;0.7273
2021;89;Weebill;11;0.7273
2021;94;Common Gull-billed Tern;8;0.625
2021;95;Black-necked Stork;8;0.875
2021;99;Sanderling;8;0.125
2021;100;Australian Gull-billed Tern;7;0.2857
2021;101;Pied Butcherbird;6;0.6667
2021;102;Willie Wagtail;6;0.5
2021;103;Beach Stone-curlew;6;0.5
2021;104;Great Pied Cormorant;6;0.6667
2021;111;Intermediate Egret;5;0.8
2021;114;Paperbark Flycatcher;5;0.6
2021;116;Long-tailed Finch;4;0.25
2021;118;Purple Swamphen;4;0.5
2021;120;Black-eared Cuckoo;4;1.0
2021;123;Black Falcon;3;1.0
2021;124;Red-backed Fairy-wren;3;0.6667
2021;128;Great Bowerbird;3;1.0
2021;129;Little Pied Cormorant;3;1.0
2021;130;Horsfield's Bronze-Cuckoo;3;0.3333
2021;131;Brown Whistler;3;0.6667
2021;132;Australian Yellow White-eye;2;1.0
2021;139;Fairy Martin;2;0.5
2021;140;Bar-tailed Godwit;2;0.5
2021;153;Brown-capped Emerald-Dove;1;1.0
2021;165;Yellow-throated Miner;1;1.0
2021;168;Mangrove Fantail;1;1.0
2021;169;Nankeen Kestrel;1;1.0
2021;170;Osprey;1;1.0
2021;172;Pacific Golden Plover;1;1.0
2022;1;Red-collared Lorikeet;5511;0.0802
2022;3;Chestnut-breasted Mannikin;2434;0.0271
2022;15;White-quilled Honeyeater;442;0.3145
2022;18;Galah;350;0.2114
2022;19;Red-winged Parrot;341;0.2639
2022;21;Spangled Drongo;329;0.5653
2022;22;Black Kite;321;0.4424
2022;32;Helmeted Friarbird;132;0.3333
2022;34;Plumed Whistling-Duck;122;0.0328
2022;35;Rainbow Bee-eater;120;0.4917
2022;36;Whistling Kite;114;0.4912
2022;39;Wandering Whistling-Duck;100;0.01
2022;40;White-breasted Woodswallow;92;0.4783
2022;41;Lemon-bellied Flycatcher;84;0.3333
2022;43;Forest Kingfisher;57;0.6491
2022;49;Brown Goshawk;41;0.8049
2022;53;Red-headed Honeyeater;36;0.4722
2022;54;Brahminy Kite;35;0.8857
2022;59;Glossy Ibis;24;0.4583
2022;60;Grey-crowned Babbler;24;0.2083
2022;65;Brush Cuckoo;19;0.9474
2022;66;Dusky Honeyeater;19;0.6316
2022;70;Black Butcherbird;16;0.8125
2022;73;Eastern Reef Egret;14;0.5
2022;76;Black-faced Cuckoo-shrike;12;0.6667
2022;77;Shining Flycatcher;11;0.6364
2022;78;Bar-breasted Honeyeater;10;0.5
2022;80;Black-necked Stork;10;0.6
2022;81;Mangrove Gerygone;10;0.7
2022;87;Horsfield's Bushlark;8;0.25
2022;88;Australian Yellow White-eye;8;0.375
2022;89;Green-backed Gerygone;8;0.875
2022;91;White-winged Triller;8;0.5
2022;92;Collared Kingfisher;7;0.5714
2022;95;Purple Swamphen;7;0.5714
2022;96;Little Curlew;7;0.2857
2022;100;Grey Plover;6;0.3333
2022;101;Broad-billed Flycatcher;6;0.8333
2022;103;Little Egret;5;0.8
2022;104;Rufous Whistler;5;0.6
2022;105;Golden-headed Cisticola;5;0.4
2022;106;Caspian Tern;5;0.6
2022;111;Little Pied Cormorant;4;0.5
2022;115;Barking Owl;4;0.75
2022;116;Australian Hobby;4;1.0
2022;119;Striated Heron;3;1.0
2022;120;Osprey;3;0.6667
2022;123;Australasian Darter;3;1.0
2022;124;Common Sandpiper;3;0.6667
2022;125;Grey-tailed Tattler;3;0.3333
2022;126;Collared Sparrowhawk;3;1.0
2022;130;Oriental Cuckoo;2;1.0
2022;138;Nankeen Kestrel;2;0.5
2022;139;Cattle Egret;2;1.0
2022;145;Grey Teal;1;1.0
2022;146;Brown Whistler;1;1.0
2022;153;Red-capped Plover;1;1.0
2023;6;Australasian Figbird;719;0.3832
2023;15;Silver Gull;342;0.0952
2023;17;Peaceful Dove;283;0.2268
2023;21;Straw-necked Ibis;239;0.1429
2023;26;Red-tailed Black-Cockatoo;172;0.0884
2023;30;Rainbow Bee-eater;115;0.1202
2023;32;White-throated Honeyeater;104;0.0816
2023;34;Varied Triller;94;0.1293
2023;37;Crimson Finch;83;0.0522
2023;39;Bush Stone-curlew;70;0.0703
2023;41;Radjah Shelduck;62;0.0295
2023;42;White-bellied Cuckoo-shrike;55;0.0794
2023;44;Chestnut-breasted Mannikin;51;0.0227
2023;50;Whistling Kite;34;0.0544
2023;52;Brahminy Kite;30;0.059
2023;54;Forest Kingfisher;27;0.0476
2023;59;Brown Goshawk;20;0.0385
2023;62;Greater Crested Tern;15;0.0136
2023;68;Black Butcherbird;14;0.0204
2023;70;Green-backed Gerygone;13;0.0295
2023;79;Striated Pardalote;9;0.0045
2023;82;Large-tailed Nightjar;8;0.0068
2023;83;Shining Flycatcher;8;0.0159
2023;84;Black-faced Cuckoo-shrike;8;0.0091
2023;86;Rufous Fantail;7;0.0136
2023;90;Great Bowerbird;6;0.0113
2023;93;Brush Cuckoo;5;0.0113
2023;96;Long-tailed Finch;5;0.0023
2023;97;Red-backed Fairy-wren;4;0.0045
2023;109;Gouldian Finch;2;0.0045
2023;111;Little Shrike-thrush;2;0.0023
2023;114;Australian Magpie;2;0.0045
2023;119;Australian Gull-billed Tern;2;0.0023
2023;121;Nankeen Night-Heron;2;0.0045
2023;127;Golden-headed Cisticola;1;0.0023
2023;132;Mangrove Robin;1;0.0023
2023;133;Brown Booby;1;0.0023
2023;136;Diamond Dove;1;0.0023
2023;137;Great Egret;1;0.0023
2023;139;Red-capped Plover;1;0.0023
2023;140;Indian Peafowl;1;0.0023
2023;141;Grey Goshawk;1;0.0023
2024;1;Red-collared Lorikeet;4200;0.6135
2024;3;Torresian Imperial-Pigeon;1520;0.6216
2024;4;Bar-shouldered Dove;1479;0.5153
2024;5;Masked Lapwing;1008;0.3865
2024;6;Little Corella;970;0.1707
2024;10;Brown Honeyeater;674;0.4155
2024;15;White-gaped Honeyeater;419;0.3108
2024;16;Peaceful Dove;393;0.2093
2024;17;Galah;384;0.0902
2024;20;Straw-necked Ibis;368;0.1514
2024;22;Orange-footed Scrubfowl;350;0.306
2024;27;Crimson Finch;210;0.0805
2024;30;Rainbow Bee-eater;159;0.1047
2024;36;Australian Yellow White-eye;103;0.0129
2024;38;Helmeted Friarbird;88;0.0692
2024;39;Red-necked Stint;88;0.0032
2024;40;Dusky Honeyeater;79;0.0451
2024;42;Radjah Shelduck;62;0.0258
2024;43;Blue-winged Kookaburra;55;0.058
2024;57;Great Bowerbird;20;0.0129
2024;60;Grey-crowned Babbler;18;0.0097
2024;62;Torresian Crow;16;0.0177
2024;69;Olive-backed Oriole;9;0.0145
2024;73;Little Bronze-Cuckoo;6;0.0097
2024;75;Greater Crested Tern;6;0.0048
2024;76;Rock Dove;5;0.0081
2024;77;Green-backed Gerygone;5;0.0064
2024;79;Black Butcherbird;5;0.0064
2024;80;Barking Owl;5;0.0048
2024;82;Grey Goshawk;4;0.0064
2024;84;Rose-crowned Fruit-Dove;4;0.0032
2024;86;Whimbrel;4;0.0064
2024;87;Rufous Fantail;4;0.0016
2024;89;Tawny Frogmouth;3;0.0032
2024;91;Bar-breasted Honeyeater;3;0.0032
2024;93;Yellow-tinted Honeyeater;3;0.0032
2024;95;Australian Gull-billed Tern;3;0.0032
2024;98;Little Shrike-thrush;3;0.0032
2024;99;Willie Wagtail;2;0.0032
2024;101;Green Pygmy-goose;2;0.0032
2024;104;White-winged Triller;2;0.0032
2024;105;Long-tailed Finch;2;0.0016
2024;107;Nankeen Night-Heron;2;0.0032
2024;109;Far Eastern Curlew;2;0.0032
2024;111;Australian Hobby;2;0.0016
2024;113;Pied Butcherbird;1;0.0016
2024;118;Channel-billed Cuckoo;1;0.0016
2024;119;Buff-banded Rail;1;0.0016
2024;123;Weebill;1;0.0016
2024;124;Common Greenshank;1;0.0016
2024;127;White-bellied Sea-Eagle;1;0.0016
2024;128;Australian Pied Oystercatcher;1;0.0016
2024;129;Lesser Frigatebird;1;0.0016
2019;4;Torresian Imperial-Pigeon;1249;0.29703763
2019;7;Australasian Figbird;924;0.238095238
2019;8;Magpie-lark;891;0.314253648
2019;9;Double-barred Finch;796;0.219849246
2019;10;Brown Honeyeater;689;0.333817126
2019;13;Straw-necked Ibis;490;0.218367347
2019;15;Peaceful Dove;400;0.32
2019;16;White-gaped Honeyeater;364;0.428571429
2019;21;Australian White Ibis;256;0.2734375
2019;22;Little Corella;233;0.210300429
2019;25;Whistling Kite;198;0.363636364
2019;26;Red-tailed Black-Cockatoo;150;0.22
2019;28;Rufous-banded Honeyeater;141;0.531914894
2019;29;Greater Sand Plover;140;0.028571429
2019;30;Bush Stone-curlew;138;0.275362319
2019;38;Varied Triller;75;0.64
2019;39;White-bellied Cuckoo-shrike;72;0.680555556
2019;40;Brahminy Kite;71;0.676056338
2019;43;Mistletoebird;57;0.666666667
2019;44;Rock Dove;54;0.166666667
2019;45;Lesser Sand Plover;50;0.04
2019;46;Eastern Koel;48;0.8125
2019;49;Zebra Finch;44;0.181818182
2019;52;Singing Honeyeater;40;0.325
2019;54;Silver-crowned Friarbird;35;0.428571429
2019;55;Dollarbird;33;0.757575758
2019;57;Brown Goshawk;33;0.848484848
2019;60;Grey Plover;26;0.423076923
2019;61;Red-necked Stint;25;0.08
2019;62;Blue-winged Kookaburra;25;0.72
2019;64;Tree Martin;23;0.173913043
2019;66;Weebill;22;0.272727273
2019;71;Green-backed Gerygone;19;0.842105263
2019;72;Banded Honeyeater;18;0.611111111
2019;73;Black Butcherbird;18;0.888888889
2019;74;Crested Tern;17;0.117647059
2019;75;White-winged Triller;17;0.647058824
2019;81;Torresian Crow;12;0.75
2019;82;Plumed Whistling-Duck;12;0.083333333
2019;84;Common Tern;11;0.272727273
2019;88;Bar-breasted Honeyeater;10;0.4
2019;90;Eastern Curlew;10;0.4
2019;91;Northern Fantail;10;0.8
2019;95;Black-fronted Dotterel;8;0.375
2019;97;Sacred Kingfisher;8;0.875
2019;100;Rose-crowned Fruit-Dove;7;0.428571429
2019;101;Yellow White-eye;7;0.714285714
2019;104;Grey-tailed Tattler;7;0.428571429
2019;106;Little Bronze-Cuckoo;6;1.0
2019;107;Pacific Golden Plover;6;0.166666667
2019;110;Brush Cuckoo;6;1.0
2019;111;Common Sandpiper;5;0.4
2019;116;Black-eared Cuckoo;5;0.6
2019;118;Rainbow Pitta;5;0.4
2019;120;Whimbrel;5;1.0
2019;121;Long-tailed Finch;4;0.5
2019;123;Collared Kingfisher;4;1.0
2019;125;Brown Falcon;4;1.0
2019;126;Cattle Egret;4;0.75
2019;130;Channel-billed Cuckoo;4;0.75
2019;140;Little Kingfisher;3;1.0
2019;143;Grey Whistler;3;1.0
2019;147;Horsfield's Bronze-Cuckoo;2;1.0
2019;152;Black-faced Woodswallow;2;1.0
2019;155;Golden-headed Cisticola;2;0.5
2019;157;Helmeted Guineafowl;2;0.5
2019;166;Large-tailed Nightjar;2;0.5
2019;168;Pacific Baza;2;1.0
2019;170;Grey Falcon;1;1.0
2019;173;Common Noddy;1;1.0
2019;174;Masked Booby;1;1.0
2019;176;Curlew Sandpiper;1;1.0
2019;177;White-browed Woodswallow;1;1.0
2019;180;Shining Flycatcher;1;1.0
2019;191;Black-tailed Godwit;1;1.0
2019;193;Cockatiel;1;1.0
2019;194;Little Black Cormorant;1;1.0
2020;5;Double-barred Finch;1379;0.2321
2020;6;Australasian Figbird;1136;0.2931
2020;8;Magpie-lark;917;0.3959
2020;10;Chestnut-breasted Mannikin;699;0.0515
2020;14;White-gaped Honeyeater;485;0.4701
2020;17;Blue-faced Honeyeater;424;0.3491
2020;19;Black Kite;400;0.55
2020;21;Australian White Ibis;375;0.1707
2020;23;Orange-footed Scrubfowl;323;0.5759
2020;29;Plumed Whistling-Duck;191;0.0209
2020;32;Yellow Oriole;157;0.4841
2020;34;Dusky Honeyeater;140;0.3929
2020;35;Black-faced Cuckoo-shrike;105;0.2857
2020;36;Varied Triller;104;0.6154
2020;38;White-breasted Woodswallow;97;0.5052
2020;40;Lemon-bellied Flycatcher;75;0.6133
2020;42;Bush Stone-curlew;63;0.381
2020;46;Red-necked Stint;53;0.0566
2020;55;Green Pygmy-goose;33;0.0909
2020;58;Grey-tailed Tattler;31;0.0968
2020;66;Weebill;21;0.5238
2020;71;Mistletoebird;17;0.9412
2020;72;Pacific Golden Plover;16;0.125
2020;74;Long-tailed Finch;15;0.6
2020;75;Eastern Reef Egret;15;0.4
2020;76;Rose-crowned Fruit-Dove;14;0.8571
2020;80;Yellow White-eye;13;0.3846
2020;82;Willie Wagtail;12;0.4167
2020;83;Brush Cuckoo;12;1.0
2020;84;Intermediate Egret;11;0.6364
2020;89;Little Black Cormorant;10;0.7
2020;92;White-winged Triller;8;0.875
2020;96;Brolga;8;0.125
2020;97;Australian Pelican;8;0.5
2020;99;Broad-billed Flycatcher;7;0.4286
2020;103;Common Tern;7;0.7143
2020;105;Grey Goshawk;6;1.0
2020;106;Shining Flycatcher;6;1.0
2020;108;Great Egret;6;1.0
2020;111;Pied Cormorant;5;1.0
2020;114;Eastern Curlew;5;0.6
2020;116;Great Bowerbird;5;1.0
2020;119;Australasian Pipit;4;0.25
2020;121;Royal Spoonbill;4;1.0
2020;123;Pacific Baza;4;1.0
2020;125;Singing Honeyeater;4;0.25
2020;126;Great Knot;3;0.3333
2020;128;Black-necked Stork;3;0.6667
2020;129;Rufous Owl;3;0.6667
2020;136;Diamond Dove;3;0.6667
2020;146;Common Greenshank;2;1.0
2020;147;Little Bronze-Cuckoo;2;1.0
2020;154;White-throated Gerygone;1;1.0
2020;159;Black Falcon;1;1.0
2020;160;Black-breasted Buzzard;1;1.0
2020;162;Cockatiel;1;1.0
2020;163;Eurasian Coot;1;1.0
2020;164;Oriental Cuckoo;1;1.0
2020;165;Fork-tailed Swift;1;1.0
2020;170;Horsfield's Bushlark;1;1.0
2020;171;Beach Stone-curlew;1;1.0
2020;172;Lesser Crested Tern;1;1.0
2021;3;Great Knot;2000;0.0005
2021;5;Torresian Imperial-Pigeon;1572;0.2894
2021;6;Double-barred Finch;1304;0.1887
2021;7;Australasian Figbird;1170;0.212
2021;8;Little Corella;1122;0.09
2021;10;Masked Lapwing;869;0.2428
2021;11;Magpie-lark;849;0.3722
2021;14;Silver Gull;518;0.0753
2021;15;Little Friarbird;482;0.3734
2021;18;Red-tailed Black-Cockatoo;412;0.1432
2021;26;Red-winged Parrot;238;0.2857
2021;32;Black-bellied Crimson Finch;131;0.2214
2021;37;White-bellied Cuckoo-shrike;112;0.5714
2021;40;Varied Triller;98;0.6122
2021;44;Olive-backed Oriole;66;0.3939
2021;49;Red-headed Honeyeater;52;0.5769
2021;53;Lemon-bellied Flycatcher;46;0.5435
2021;57;Torresian Crow;34;0.6176
2021;59;Lesser Crested Tern;31;0.0968
2021;66;Rufous-throated Honeyeater;25;0.48
2021;68;Far Eastern Curlew;24;0.1667
2021;69;Eastern Reef Egret;22;0.3636
2021;70;Mistletoebird;22;0.7273
2021;74;Sharp-tailed Sandpiper;20;0.05
2021;75;Little Bronze-Cuckoo;20;0.6
2021;79;Shining Flycatcher;17;0.7059
2021;85;Collared Kingfisher;12;0.5833
2021;86;Whiskered Tern;12;0.0833
2021;90;Green-backed Gerygone;10;1.0
2021;91;Brush Cuckoo;10;0.8
2021;97;Indian Peafowl;8;0.75
2021;110;Large-billed Gerygone;5;0.6
2021;112;Striated Heron;5;0.8
2021;117;Grey Butcherbird;4;1.0
2021;119;Barking Owl;4;0.75
2021;121;Pale-vented Bush-hen;3;0.6667
2021;133;Wandering Whistling-Duck;2;0.5
2021;134;Square-tailed Kite;2;1.0
2021;136;Arafura Fantail;2;1.0
2021;138;Grey Goshawk;2;1.0
2021;141;Azure Kingfisher;2;1.0
2021;145;Pacific Baza;2;1.0
2021;146;Mangrove Robin;2;1.0
2021;147;Common Tern;2;0.5
2021;148;Australian Pied Oystercatcher;1;1.0
2021;149;White-necked Heron;1;1.0
2021;151;White-breasted Whistler;1;1.0
2021;154;Chestnut Rail;1;1.0
2021;155;Comb-crested Jacana;1;1.0
2021;156;Common Sandpiper;1;1.0
2021;157;Flock Bronzewing;1;1.0
2021;158;Pied Stilt;1;1.0
2021;159;Golden-headed Cisticola;1;1.0
2021;160;Great Egret;1;1.0
2022;5;Double-barred Finch;1829;0.1564
2022;9;Masked Lapwing;927;0.2611
2022;10;Magpie-lark;889;0.3915
2022;13;Peaceful Dove;587;0.3135
2022;14;Little Friarbird;561;0.2709
2022;16;Straw-necked Ibis;414;0.2174
2022;20;Varied Lorikeet;334;0.1407
2022;23;Orange-footed Scrubfowl;316;0.5475
2022;24;Australian White Ibis;287;0.2997
2022;25;Black-bellied Crimson Finch;249;0.1968
2022;27;Silver Gull;191;0.2094
2022;30;Red-tailed Black-Cockatoo;143;0.2727
2022;31;Bush Stone-curlew;142;0.2887
2022;37;Varied Triller;111;0.6126
2022;38;Pied Heron;105;0.0381
2022;42;Oriental Dollarbird;66;0.6364
2022;44;Radjah Shelduck;54;0.3148
2022;45;Olive-backed Oriole;53;0.6226
2022;46;Greater Sand Plover;50;0.02
2022;48;Blue-winged Kookaburra;44;0.6591
2022;51;Lesser Sand Plover;38;0.0263
2022;52;Little Black Cormorant;37;0.1081
2022;56;Eastern Koel;31;0.9677
2022;58;Mistletoebird;26;0.5769
2022;62;Green Pygmy-goose;22;0.0909
2022;68;Northern Fantail;16;0.5625
2022;69;Rose-crowned Fruit-Dove;16;0.5625
2022;72;Yellow-tinted Honeyeater;15;0.3333
2022;74;White-bellied Sea-Eagle;14;0.7857
2022;79;Beach Stone-curlew;10;0.6
2022;83;Striated Pardalote;9;0.5556
2022;84;Great Pied Cormorant;9;0.2222
2022;85;Weebill;9;0.5556
2022;86;Grey Shrike-thrush;8;0.625
2022;90;Great Bowerbird;8;0.625
2022;93;Plumed Egret;7;0.8571
2022;94;Little Bronze-Cuckoo;7;1.0
2022;97;Long-tailed Finch;6;0.5
2022;109;Greater Crested Tern;5;0.6
2022;110;Large-tailed Nightjar;5;0.8
2022;112;Willie Wagtail;4;1.0
2022;114;Grey Goshawk;4;1.0
2022;117;Australian Pied Oystercatcher;3;0.3333
2022;122;Mangrove Robin;3;1.0
2022;127;Yellow-rumped Mannikin;2;0.5
2022;128;Brown Falcon;2;0.5
2022;133;Royal Spoonbill;2;0.5
2022;136;Rainbow Pitta;2;1.0
2022;137;Marsh Sandpiper;2;0.5
2022;143;Paperbark Flycatcher;2;0.5
2022;151;Black-fronted Dotterel;1;1.0
2022;152;Mangrove Fantail;1;1.0
2022;154;Pacific Golden Plover;1;1.0
2023;1;Magpie Goose;3199;0.3696
2023;4;Bar-shouldered Dove;976;0.5442
2023;5;Torresian Imperial-Pigeon;899;0.7029
2023;8;Magpie-lark;647;0.5329
2023;9;Double-barred Finch;618;0.3741
2023;10;Masked Lapwing;541;0.381
2023;11;Blue-faced Honeyeater;395;0.3311
2023;12;Sulphur-crested Cockatoo;377;0.2744
2023;14;Little Friarbird;343;0.288
2023;19;Varied Lorikeet;245;0.0431
2023;23;Orange-footed Scrubfowl;212;0.254
2023;24;Rufous-banded Honeyeater;191;0.1701
2023;28;Australian White Ibis;153;0.1361
2023;29;Green Oriole;121;0.1587
2023;31;Grey-tailed Tattler;110;0.0023
2023;36;Black Kite;86;0.127
2023;43;Red-necked Stint;53;0.0045
2023;45;Red-headed Honeyeater;44;0.0476
2023;47;Whimbrel;41;0.0091
2023;51;Olive-backed Oriole;31;0.0408
2023;53;Pied Heron;29;0.0068
2023;55;Far Eastern Curlew;26;0.0181
2023;57;Lemon-bellied Flycatcher;24;0.0363
2023;63;Bar-breasted Honeyeater;15;0.0159
2023;64;Eastern Koel;15;0.0317
2023;65;Mistletoebird;15;0.0317
2023;69;Common Greenshank;14;0.0091
2023;74;Pacific Golden Plover;12;0.0045
2023;75;Northern Fantail;11;0.0204
2023;76;Ruddy Turnstone;10;0.0045
2023;80;Rock Dove;8;0.0068
2023;81;Grey-crowned Babbler;8;0.0091
2023;85;Eastern Reef Egret;7;0.0136
2023;88;Tawny Frogmouth;7;0.0091
2023;89;White-bellied Sea-Eagle;7;0.0136
2023;92;Common Gull-billed Tern;6;0.0068
2023;100;Pacific Baza;4;0.0045
2023;101;Willie Wagtail;4;0.0068
2023;104;Bar-tailed Godwit;3;0.0023
2023;105;Little Egret;3;0.0068
2023;107;Australasian Darter;2;0.0045
2023;108;Australian Pied Oystercatcher;2;0.0023
2023;110;Little Pied Cormorant;2;0.0045
2023;112;Grey Butcherbird;2;0.0045
2023;113;Cattle Egret;2;0.0023
2023;116;Fork-tailed Swift;2;0.0023
2023;117;Beach Stone-curlew;2;0.0023
2023;122;Black-fronted Dotterel;2;0.0023
2023;125;Lesser Crested Tern;1;0.0023
2023;129;White-faced Heron;1;0.0023
2023;131;Chestnut Rail;1;0.0023
2023;134;White-winged Triller;1;0.0023
2024;2;Magpie Goose;1688;0.2367
2024;11;Sulphur-crested Cockatoo;574;0.3108
2024;12;Chestnut-breasted Mannikin;553;0.0531
2024;14;Blue-faced Honeyeater;460;0.248
2024;18;Plumed Whistling-Duck;380;0.0064
2024;19;Varied Lorikeet;378;0.0709
2024;21;Red-winged Parrot;359;0.1401
2024;23;Silver Gull;332;0.0644
2024;24;Greater Sand Plover;293;0.0048
2024;25;Spangled Drongo;274;0.2593
2024;29;Bush Stone-curlew;161;0.095
2024;31;Green Oriole;158;0.1337
2024;33;White-breasted Woodswallow;118;0.0612
2024;34;Varied Triller;114;0.0934
2024;35;White-bellied Cuckoo-shrike;110;0.0853
2024;44;Oriental Dollarbird;49;0.0499
2024;45;Brahminy Kite;42;0.0531
2024;52;Whistling Kite;30;0.0338
2024;55;Brown Goshawk;29;0.0435
2024;56;Pied Heron;20;0.0081
2024;59;Ruddy Turnstone;19;0.0064
2024;61;Silver-crowned Friarbird;17;0.0161
2024;65;Eastern Reef Egret;15;0.0113
2024;66;Common Tern;11;0.0032
2024;67;Pheasant Coucal;10;0.0129
2024;72;Black-necked Stork;7;0.0081
2024;74;Black-faced Cuckoo-shrike;6;0.0081
2024;78;Sacred Kingfisher;5;0.0048
2024;81;Osprey;5;0.0064
2024;94;Striated Pardalote;3;0.0048
2024;97;Cattle Egret;3;0.0016
2024;106;Grey Plover;2;0.0016
2024;110;Pacific Golden Plover;2;0.0032
2024;112;Little Egret;2;0.0032
2024;115;Square-tailed Kite;1;0.0016
2024;116;Plumed Egret;1;0.0016
2024;117;Rufous Whistler;1;0.0016
2024;122;Fork-tailed Swift;1;0.0016
2024;125;Lesser Sand Plover;1;0.0016
2024;126;Australasian Darter;1;0.0016
2019;3;Magpie Goose;1358;0.089837997
2019;17;Blue-faced Honeyeater;359;0.337047354
2019;18;Silver Gull;333;0.147147147
2019;23;Spangled Drongo;218;0.596330275
2019;32;Radjah Shelduck;123;0.162601626
2019;33;White-breasted Woodswallow;118;0.288135593
2019;36;White-throated Honeyeater;84;0.511904762
2019;37;Green Oriole;81;0.543209877
2019;47;Crested Pigeon;48;0.395833333
2019;51;Fork-tailed Swift;40;0.2
2019;53;Chestnut-breasted Mannikin;37;0.189189189
2019;59;Lemon-bellied Flycatcher;28;0.642857143
2019;63;Black-chinned Honeyeater;24;0.5
2019;67;Australasian Pipit;21;0.19047619
2019;76;Grey Shrike-thrush;15;0.466666667
2019;79;Gouldian Finch;13;0.307692308
2019;83;Diamond Dove;11;0.454545455
2019;85;Australian Gull-billed Tern;11;0.181818182
2019;86;Australasian Darter;10;0.9
2019;94;Little Woodswallow;9;0.333333333
2019;102;Azure Kingfisher;7;0.857142857
2019;103;Yellow-throated Miner;7;0.285714286
2019;108;Barking Owl;6;0.833333333
2019;112;Jacky Winter;5;0.6
2019;113;Pale-vented Bush-hen;5;0.4
2019;114;Pied Butcherbird;5;0.4
2019;119;Northern Rosella;5;0.4
2019;122;Broad-billed Sandpiper;4;0.5
2019;124;Australian Pied Oystercatcher;4;0.5
2019;128;Australian Bustard;4;0.25
2019;131;Red Goshawk;4;0.5
2019;133;Pallid Cuckoo;3;0.666666667
2019;134;Restless Flycatcher;3;1.0
2019;136;Bar-tailed Godwit;3;1.0
2019;139;Tawny Frogmouth;3;0.333333333
2019;141;Pied Cormorant;3;1.0
2019;145;Common Gull-billed Tern;3;1.0
2019;150;Great Knot;2;0.5
2019;153;Masked Owl;2;0.5
2019;154;Red-browed Pardalote;2;0.5
2019;163;Australian Hobby;2;0.5
2019;167;Striated Heron;2;1.0
2019;169;Australian Owlet-nightjar;1;1.0
2019;179;Pied Heron;1;1.0
2019;181;Nankeen Night-Heron;1;1.0
2019;183;Lesser Crested Tern;1;1.0
2019;187;Black-shouldered Kite;1;1.0
2019;188;Masked Woodswallow;1;1.0
2019;189;Welcome Swallow;1;1.0
2019;190;Brown-capped Emerald-Dove;1;1.0
2019;192;Little Tern;1;1.0
2020;1;Red-collared Lorikeet;6310;0.0851
2020;2;Magpie Goose;5150;0.041
2020;4;Bar-shouldered Dove;1545;0.2718
2020;11;Sulphur-crested Cockatoo;685;0.3372
2020;12;Little Friarbird;571;0.3695
2020;13;Peaceful Dove;518;0.3687
2020;15;Little Corella;466;0.1416
2020;16;Red-winged Parrot;426;0.2629
2020;18;Bar-tailed Godwit;406;0.0099
2020;22;Varied Lorikeet;327;0.104
2020;24;Spangled Drongo;318;0.6226
2020;25;Silver Gull;295;0.1661
2020;28;Whistling Kite;199;0.402
2020;30;Helmeted Friarbird;177;0.3785
2020;33;Crimson Finch;147;0.2653
2020;37;Rainbow Bee-eater;100;0.52
2020;41;Radjah Shelduck;72;0.1944
2020;44;Olive-backed Oriole;58;0.6897
2020;48;Silver-crowned Friarbird;50;0.52
2020;50;Grey Plover;43;0.2326
2020;52;Red-headed Honeyeater;37;0.5405
2020;54;Dollarbird;36;0.6667
2020;57;Pied Butcherbird;32;0.25
2020;59;Pheasant Coucal;31;0.9032
2020;62;Northern Fantail;26;0.6538
2020;63;Ruddy Turnstone;24;0.0417
2020;67;Pacific Black Duck;20;0.15
2020;68;Blue-winged Kookaburra;20;0.8
2020;73;Grey Butcherbird;16;0.25
2020;77;Australian Pied Oystercatcher;14;0.2143
2020;81;Cattle Egret;12;0.1667
2020;85;Collared Kingfisher;11;0.7273
2020;87;Terek Sandpiper;10;0.1
2020;90;Red-backed Fairy-wren;9;0.4444
2020;100;Brown Falcon;7;0.7143
2020;101;Bar-breasted Honeyeater;7;0.7143
2020;102;Golden-headed Cisticola;7;0.5714
2020;113;Common Sandpiper;5;0.6
2020;117;Nankeen Kestrel;5;0.8
2020;124;Barking Owl;4;0.75
2020;130;Rufous Fantail;3;0.3333
2020;133;Australasian Grebe;3;0.6667
2020;138;Buff-banded Rail;3;0.6667
2020;139;Australian Pratincole;2;0.5
2020;143;Crested Tern;2;0.5
2020;149;Mangrove Grey Fantail;2;0.5
2020;151;Tree Martin;2;0.5
2020;152;Oriental Plover;2;0.5
2020;153;Whiskered Tern;1;1.0
2020;156;Wandering Whistling-Duck;1;1.0
2020;157;Australian Gull-billed Tern;1;1.0
2020;158;Channel-billed Cuckoo;1;1.0
2020;168;Little Pied Cormorant;1;1.0
2021;1;Red-collared Lorikeet;3929;0.0977
2021;16;Blue-faced Honeyeater;433;0.351
2021;17;White-gaped Honeyeater;422;0.4692
2021;19;Orange-footed Scrubfowl;402;0.5149
2021;20;Straw-necked Ibis;335;0.2866
2021;21;Spangled Drongo;332;0.5271
2021;22;Pied Heron;300;0.0033
2021;23;Australian White Ibis;271;0.3026
2021;24;Chestnut-breasted Mannikin;260;0.1077
2021;25;Black Kite;239;0.4477
2021;29;Rufous-banded Honeyeater;180;0.4389
2021;33;White-breasted Woodswallow;129;0.4264
2021;35;Helmeted Friarbird;123;0.4228
2021;36;White-throated Honeyeater;115;0.3565
2021;38;Whistling Kite;107;0.3551
2021;43;Whimbrel;68;0.0735
2021;48;Greater Crested Tern;56;0.0714
2021;50;Northern Fantail;51;0.5882
2021;51;Silver-crowned Friarbird;50;0.44
2021;52;Glossy Ibis;46;0.1739
2021;56;Plumed Whistling-Duck;35;0.0286
2021;60;Little Tern;30;0.0333
2021;61;Blue-winged Kookaburra;29;0.6897
2021;63;Ruddy Turnstone;27;0.1111
2021;64;Brown Goshawk;27;0.8889
2021;65;Little Black Cormorant;26;0.1538
2021;71;Rock Dove;22;0.3636
2021;73;Bar-breasted Honeyeater;22;0.5455
2021;83;White-winged Triller;13;0.7692
2021;88;White-bellied Sea-Eagle;11;0.9091
2021;92;Leaden Flycatcher;9;0.5556
2021;93;Mangrove Gerygone;9;0.3333
2021;96;Red Knot;8;0.125
2021;98;Rose-crowned Fruit-Dove;8;0.875
2021;105;Rainbow Pitta;5;0.8
2021;106;Australasian Darter;5;0.8
2021;107;Collared Sparrowhawk;5;0.6
2021;108;Little Shrike-thrush;5;0.6
2021;109;Common Greenshank;5;0.2
2021;113;Sooty Oystercatcher;5;0.2
2021;115;Sacred Kingfisher;4;0.75
2021;122;Rufous Owl;3;1.0
2021;125;Grey-tailed Tattler;3;0.3333
2021;126;Rufous Whistler;3;0.6667
2021;127;Cattle Egret;3;0.3333
2021;135;Little Kingfisher;2;1.0
2021;137;Broad-billed Flycatcher;2;1.0
2021;142;Little Curlew;2;0.5
2021;143;Nankeen Night-Heron;2;1.0
2021;144;Australian Hobby;2;1.0
2021;150;Black-fronted Dotterel;1;1.0
2021;152;Brolga;1;1.0
2021;161;Terek Sandpiper;1;1.0
2021;162;Tawny Frogmouth;1;1.0
2021;163;Great Frigatebird;1;1.0
2021;164;Striated Pardalote;1;1.0
2021;166;Spotted Harrier;1;1.0
2021;167;Mangrove Golden Whistler;1;1.0
2021;171;Wedge-tailed Eagle;1;1.0
2022;2;Magpie Goose;2961;0.0564
2022;4;Bar-shouldered Dove;1836;0.2119
2022;6;Torresian Imperial-Pigeon;1575;0.2711
2022;7;Little Corella;1308;0.1017
2022;8;Australasian Figbird;1092;0.2582
2022;11;Brown Honeyeater;879;0.3367
2022;12;Sulphur-crested Cockatoo;718;0.2772
2022;17;White-gaped Honeyeater;412;0.415
2022;26;Green Oriole;232;0.3793
2022;28;Rufous-banded Honeyeater;172;0.3953
2022;29;White-bellied Cuckoo-shrike;147;0.4354
2022;33;White-throated Honeyeater;131;0.374
2022;47;Silver-crowned Friarbird;46;0.4783
2022;50;Masked Finch;39;0.1282
2022;55;Grey-headed Whistler;33;0.2424
2022;57;Australian Gull-billed Tern;28;0.1429
2022;61;Torresian Crow;23;0.6957
2022;63;Yellow-throated Miner;21;0.381
2022;64;Pheasant Coucal;20;0.75
2022;67;Banded Honeyeater;17;0.2941
2022;71;Pied Butcherbird;15;0.2667
2022;75;Great Egret;13;0.4615
2022;82;Lesser Crested Tern;10;0.1
2022;98;Common Tern;6;0.1667
2022;99;Australasian Grebe;6;0.3333
2022;102;Tree Martin;5;0.8
2022;107;Rufous Owl;5;0.6
2022;108;Silver-backed Butcherbird;5;0.8
2022;113;Rufous-throated Honeyeater;4;0.75
2022;118;Brown Booby;3;0.3333
2022;121;Channel-billed Cuckoo;3;1.0
2022;129;Large-billed Gerygone;2;0.5
2022;131;White-faced Heron;2;1.0
2022;132;Sacred Kingfisher;2;1.0
2022;134;Gouldian Finch;2;0.5
2022;135;Tawny Frogmouth;2;1.0
2022;140;Pacific Baza;2;1.0
2022;141;Common Cicadabird;2;0.5
2022;142;Far Eastern Curlew;2;1.0
2022;144;Brown-capped Emerald-Dove;1;1.0
2022;147;Whiskered Tern;1;1.0
2022;148;Pied Stilt;1;1.0
2022;149;Yellow-billed Spoonbill;1;1.0
2022;150;Chestnut Rail;1;1.0
2022;155;Leaden Flycatcher;1;1.0
2022;156;Australian Pelican;1;1.0
2023;2;Red-collared Lorikeet;2607;0.6667
2023;3;Little Corella;983;0.2177
2023;7;Brown Honeyeater;702;0.4875
2023;13;White-gaped Honeyeater;353;0.3583
2023;16;Plumed Whistling-Duck;300;0.0023
2023;18;Red-winged Parrot;273;0.1723
2023;20;Wandering Whistling-Duck;241;0.0068
2023;22;Galah;228;0.0907
2023;25;Spangled Drongo;176;0.2449
2023;27;Greater Sand Plover;156;0.0068
2023;33;White-breasted Woodswallow;100;0.0703
2023;35;Great Knot;94;0.0023
2023;38;Helmeted Friarbird;81;0.0884
2023;40;Dusky Honeyeater;65;0.0726
2023;46;Silver-crowned Friarbird;42;0.0385
2023;48;Terek Sandpiper;39;0.0023
2023;49;Masked Finch;37;0.0136
2023;56;Lesser Sand Plover;25;0.0091
2023;58;Oriental Dollarbird;22;0.0295
2023;60;Black-necked Stork;19;0.0227
2023;61;Grey Plover;17;0.0045
2023;66;Plumed Egret;14;0.0091
2023;67;Little Black Cormorant;14;0.0091
2023;71;Blue-winged Kookaburra;13;0.0227
2023;72;Pheasant Coucal;12;0.0249
2023;73;Torresian Crow;12;0.0204
2023;77;Common Sandpiper;9;0.0136
2023;78;Grey Whistler;9;0.0136
2023;87;Rose-crowned Fruit-Dove;7;0.0159
2023;91;Tree Martin;6;0.0068
2023;94;Osprey;5;0.0091
2023;95;Striated Heron;5;0.0091
2023;98;Restless Flycatcher;4;0.0068
2023;99;Sharp-tailed Sandpiper;4;0.0045
2023;102;Australian Yellow White-eye;4;0.0023
2023;103;Little Kingfisher;3;0.0068
2023;106;Leaden Flycatcher;3;0.0045
2023;115;Little Bronze-Cuckoo;2;0.0045
2023;118;Common Tern;2;0.0023
2023;120;Broad-billed Flycatcher;2;0.0023
2023;123;Caspian Tern;2;0.0045
2023;124;White-throated Gerygone;2;0.0023
2023;126;Whiskered Tern;1;0.0023
2023;128;Mangrove Gerygone;1;0.0023
2023;130;Azure Kingfisher;1;0.0023
2023;135;Purple Swamphen;1;0.0023
2023;138;Northern Rosella;1;0.0023
2024;7;Double-barred Finch;909;0.3784
2024;8;Magpie-lark;894;0.525
2024;9;Australasian Figbird;835;0.3382
2024;13;Little Friarbird;520;0.3076
2024;26;Australian White Ibis;272;0.1353
2024;28;Rufous-banded Honeyeater;191;0.0966
2024;32;Red-tailed Black-Cockatoo;120;0.0548
2024;37;Black Kite;88;0.0757
2024;41;White-throated Honeyeater;71;0.0386
2024;46;Eastern Koel;38;0.0419
2024;47;Great Knot;38;0.0064
2024;48;Forest Kingfisher;36;0.0306
2024;49;Brush Cuckoo;34;0.0435
2024;50;Lemon-bellied Flycatcher;31;0.0306
2024;51;Rufous-throated Honeyeater;31;0.0145
2024;53;Red-headed Honeyeater;30;0.0258
2024;54;Sanderling;30;0.0016
2024;58;Mistletoebird;19;0.0242
2024;63;Zebra Finch;16;0.0032
2024;64;Singing Honeyeater;16;0.0129
2024;68;Common Sandpiper;10;0.0048
2024;70;Northern Fantail;8;0.0113
2024;71;Restless Flycatcher;8;0.0032
2024;83;Azure Kingfisher;4;0.0048
2024;85;Caspian Tern;4;0.0048
2024;88;Little Curlew;3;0.0048
2024;90;Beach Stone-curlew;3;0.0032
2024;92;Shining Flycatcher;3;0.0048
2024;96;Striated Heron;3;0.0048
2024;100;Budgerigar;2;0.0016
2024;102;Purple Swamphen;2;0.0032
2024;103;Great Egret;2;0.0016
2024;108;Great Pied Cormorant;2;0.0016
2024;114;Common Cicadabird;1;0.0016
2024;120;Collared Sparrowhawk;1;0.0016
2024;121;Little Tern;1;0.0016
